sample_name,short_reads,assembly,species,st,use_original_reads
EuSCAPE_UK065,ERR1415571,GCA_902156115,K. pneumoniae,ST14,FALSE
EuSCAPE_TR002,ERR1541282,GCA_902156205,K. pneumoniae,ST14,FALSE
EuSCAPE_TR009,ERR1541288,GCA_902156055,K. pneumoniae,ST14,FALSE
EuSCAPE_MT013,ERR1217070,GCA_902156095,K. pneumoniae,ST11,FALSE
EuSCAPE_ES046,ERR1228344,GCA_902156185,K. pneumoniae,ST11,FALSE
EuSCAPE_TR057,ERR1541332,GCA_902156085,K. pneumoniae,ST101,FALSE
EuSCAPE_MT005,ERR1217062,GCA_902156125,K. pneumoniae,ST11,FALSE
EuSCAPE_DE075,ERR1217022,GCA_902156035,K. pneumoniae,ST530,FALSE
EuSCAPE_BE078,ERR1514899,GCA_902156045,K. pneumoniae,ST788,FALSE
EuSCAPE_FR056,ERR1205063,GCA_902156155,K. pneumoniae,ST1709,FALSE
EuSCAPE_RS017,ERR1415759,GCA_902155925,K. pneumoniae,ST101,FALSE
EuSCAPE_TR083,ERR1541349,GCA_902155915,K. pneumoniae,ST395,FALSE
EuSCAPE_HU025,ERR1228272,GCA_902155885,K. pneumoniae,ST15,FALSE
EuSCAPE_GR073,ERR1289773,GCA_902156015,K. pneumoniae,ST383,FALSE
EuSCAPE_LV006,ERR1217480,GCA_902155905,K. pneumoniae,ST86,FALSE
EuSCAPE_ES094,ERR1228392,GCA_902155895,K. pneumoniae,ST147,FALSE
EuSCAPE_IT312,ERR1228177,GCA_902155975,K. pneumoniae,ST870,FALSE
EuSCAPE_ES220,ERR1289817,GCA_902155835,K. pneumoniae,ST483,FALSE
EuSCAPE_HU009,ERR1228256,GCA_902155845,K. pneumoniae,ST15,FALSE
EuSCAPE_TR203,ERR1541448,GCA_900508725,K. pneumoniae,ST525,FALSE
EuSCAPE_RO094,ERR1415632,GCA_902155955,K. pneumoniae,ST22,FALSE
EuSCAPE_IT062,ERR1217248,GCA_902155875,K. pneumoniae,ST147,FALSE
EuSCAPE_ES291,ERR1289725,GCA_902156075,K. pneumoniae,ST258,FALSE
EuSCAPE_IL011,ERR1541564,GCA_902156195,K. pneumoniae,ST512,FALSE
EuSCAPE_IL063,ERR1217147,GCA_902156065,K. pneumoniae,ST512,FALSE
EuSCAPE_LU018,ERR1374927,GCA_902156215,K. pneumoniae,ST37,FALSE
EuSCAPE_LU008,ERR1374918,GCA_902156305,K. pneumoniae,ST147,FALSE
EuSCAPE_GR158,ERR1334616,GCA_902156385,K. pneumoniae,ST258,FALSE
EuSCAPE_ES085,ERR1228383,GCA_902156405,K. pneumoniae,ST11,FALSE
EuSCAPE_UK048,ERR1415555,GCA_902156365,K. pneumoniae,ST258,FALSE
EuSCAPE_IT178,ERR1217353,GCA_902156245,K. pneumoniae,ST512,FALSE
EuSCAPE_IT278,ERR1217437,GCA_902156315,K. pneumoniae,ST512,FALSE
EuSCAPE_IT288,ERR1228156,GCA_902156395,K. pneumoniae,ST512,FALSE
EuSCAPE_DE072,ERR1217019,GCA_902156285,K. pneumoniae,ST36,FALSE
EuSCAPE_IT242,ERR1217415,GCA_902156235,K. pneumoniae,ST512,FALSE
EuSCAPE_AT022,ERR1204826,GCA_902156335,K. pneumoniae,ST258,FALSE
EuSCAPE_IT030,ERR1217217,GCA_902156325,K. pneumoniae,ST512,FALSE
EuSCAPE_IT258,ERR1217430,GCA_902156225,K. pneumoniae,ST512,FALSE
EuSCAPE_IT166,ERR1217341,GCA_902156275,K. pneumoniae,ST258,FALSE
EuSCAPE_IT152,ERR1217328,GCA_902156295,K. pneumoniae,ST512,FALSE
EuSCAPE_IT266,ERR1228143,GCA_902156255,K. pneumoniae,ST512,FALSE
EuSCAPE_BE098,ERR1514919,GCA_902156345,K. pneumoniae,ST512,FALSE
EuSCAPE_BE091,ERR1514912,GCA_902156265,K. pneumoniae,ST512,FALSE
EuSCAPE_IT222,ERR1217396,GCA_902156575,K. pneumoniae,ST512,FALSE
EuSCAPE_IT300,ERR1228167,GCA_902156465,K. pneumoniae,ST512,FALSE
EuSCAPE_MK006,ERR1289736,GCA_902156455,K. pneumoniae,ST258,FALSE
EuSCAPE_IT013,ERR1217200,GCA_902156565,K. pneumoniae,ST512,FALSE
EuSCAPE_DE024,ERR1216970,GCA_900512345,K. pneumoniae,ST147,FALSE
EuSCAPE_GR075,ERR1289775,GCA_902156555,K. pneumoniae,ST383,FALSE
EuSCAPE_PL039,ERR1204864,GCA_902156515,K. pneumoniae,ST258,FALSE
EuSCAPE_IL077,ERR1217160,GCA_902156655,K. pneumoniae,ST512,FALSE
EuSCAPE_IL012,ERR1217097,GCA_902156755,K. pneumoniae,ST512,FALSE
EuSCAPE_IL058,ERR1217142,GCA_902156715,K. pneumoniae,ST512,FALSE
EuSCAPE_GR153,ERR1334496,GCA_902156795,K. pneumoniae,ST420,FALSE
EuSCAPE_AT027,ERR1204829,GCA_902156765,K. pneumoniae,ST258,FALSE
EuSCAPE_DE073,ERR1217020,GCA_902156825,K. variicola,ST1848,FALSE
EuSCAPE_IT370,ERR1217440,GCA_902156865,K. pneumoniae,ST512,FALSE
EuSCAPE_IT386,ERR1217457,GCA_902156895,K. pneumoniae,ST512,FALSE
EuSCAPE_IT100,ERR1217279,GCA_902156885,K. pneumoniae,ST512,FALSE
EuSCAPE_DE016,ERR1216962,GCA_902156985,K. pneumoniae,ST258,FALSE
EuSCAPE_GR049,ERR1334441,GCA_902156975,K. pneumoniae,ST258,FALSE
EuSCAPE_BE092,ERR1514913,GCA_902157005,K. pneumoniae,ST258,FALSE
EuSCAPE_IE024,ERR1514966,GCA_902157075,K. pneumoniae,ST258,FALSE
EuSCAPE_ES073,ERR1228371,GCA_902157085,K. pneumoniae,ST11,FALSE
EuSCAPE_IL046,ERR1217129,GCA_902157125,K. pneumoniae,ST292,FALSE
EuSCAPE_ES089,ERR1228387,GCA_900516625,K. pneumoniae,ST11,FALSE
EuSCAPE_PL046,ERR1204866,GCA_902155945,K. pneumoniae,ST11,FALSE
EuSCAPE_RS081,ERR1374911,GCA_902155965,K. pneumoniae,ST340,FALSE
EuSCAPE_RO052,ERR1374879,GCA_902155865,K. pneumoniae,ST16,FALSE
EuSCAPE_DE019,ERR1216965,GCA_902156005,K. pneumoniae,ST11,FALSE
EuSCAPE_IE008,ERR1514950,GCA_902155985,K. pneumoniae,ST323,FALSE
EuSCAPE_RS010,ERR1334506,GCA_902155935,K. pneumoniae,ST101,FALSE
EuSCAPE_RS105,ERR1415824,GCA_902155855,K. pneumoniae,ST274,FALSE
EuSCAPE_RS064,ERR1415790,GCA_902156105,K. pneumoniae,ST437,FALSE
EuSCAPE_IL075,ERR1217158,GCA_900513705,K. pneumoniae,ST38,FALSE
EuSCAPE_CZ007,ERR1204943,GCA_902156175,K. pneumoniae,ST11,FALSE
EuSCAPE_GR094,ERR1334587,GCA_902156165,K. pneumoniae,ST11,FALSE
EuSCAPE_AT023,ERR1204827,GCA_902156025,K. pneumoniae,ST11,FALSE
EuSCAPE_RS002,ERR1334627,GCA_902156145,K. pneumoniae,ST437,FALSE
Ecoli_K12,,GCA_000005845.2,E. coli,ST10,FALSE
H1-001-0001-M-L,,GCA_902706665.2,E. coli,ST69,FALSE
H1-001-0002-H-K,,GCA_902706795.2,E. coli,ST131,FALSE
H1-001-0003-S-J,,GCA_902706675.2,E. coli,ST23,FALSE
H1-001-0004-T-P,,GCA_902706745.2,E. coli,ST1193,FALSE
H1-001-0005-R-G,,GCA_902706785.2,E. coli,ST429,FALSE
H1-001-0006-M-A,,GCA_902706715.2,E. coli,ST69,FALSE
H1-001-0007-H-B,,GCA_902706765.2,E. coli,ST537,FALSE
H1-001-0008-K-S,,GCA_902706755.2,E. coli,ST73,FALSE
H1-001-0009-M-P,,GCA_902706705.1,E. coli,ST357,FALSE
H1-001-0010-R-N,,GCA_902706725.2,E. coli,ST58,FALSE
H1-001-0011-M-Y,,GCA_902706655.2,E. coli,ST131,FALSE
H1-001-0012-K-B,,GCA_902706645.2,E. coli,ST8093,FALSE
H1-001-0013-L-J,,GCA_902706695.2,E. coli,ST88,FALSE
H1-001-0014-F-H,,GCA_902706775.2,E. coli,ST95,FALSE
H1-001-0015-A-R,,GCA_902706805.2,E. coli,ST8096,FALSE
H1-001-0016-D-R,,GCA_902706825.2,E. coli,ST131,FALSE
H1-001-0017-D-M,,GCA_902706685.2,E. coli,ST362,FALSE
H1-001-0018-G-O,,GCA_902706815.2,E. coli,ST1723,FALSE
H1-001-0019-M-A,,GCA_902706735.2,E. coli,ST617,FALSE
H1-001-0020-M-O,,GCA_902706835.2,E. coli,ST88,FALSE
H1-001-0021-V-C,,GCA_902706905.1,E. coli,ST636,FALSE
H1-001-0022-E-J,,GCA_902706875.2,E. coli,ST405,FALSE
H1-001-0023-M-D,,GCA_902707005.2,E. coli,ST58,FALSE
H1-001-0024-C-H,,GCA_902706845.2,E. coli,ST73,FALSE
H1-001-0025-C-R,,GCA_902706975.2,E. coli,ST131,FALSE
H1-001-0026-C-O,,GCA_902706925.2,E. coli,ST120,FALSE
H1-001-0027-S-G,,GCA_902706855.2,E. coli,ST58,FALSE
H1-001-0028-E-M,,GCA_902706955.2,E. coli,ST95,FALSE
H1-001-0029-V-P,,GCA_902706995.2,E. coli,ST540,FALSE
H1-001-0030-D-A,,GCA_902706885.2,E. coli,ST4641,FALSE
H1-001-0031-C-M,,GCA_902706915.2,E. coli,ST1684,FALSE
H1-001-0032-B-L,,GCA_902706935.2,E. coli,ST131,FALSE
H1-001-0033-G-M,,GCA_902707025.1,E. coli,ST95,FALSE
H1-001-0034-S-M,,GCA_902706965.2,E. coli,ST117,FALSE
H1-001-0035-H-A,,GCA_902706895.2,E. coli,ST8094,FALSE
H1-001-0036-E-A,,GCA_902706865.2,E. coli,ST131,FALSE
H1-001-0037-D-J,,GCA_902706985.2,E. coli,ST155,FALSE
H1-001-0038-C-V,,GCA_902706945.2,E. coli,ST8095,FALSE
H1-001-0039-B-E,,GCA_902707015.2,E. coli,ST104,FALSE
H1-001-0040-G-N,,GCA_902707035.2,E. coli,ST131,FALSE
H1-001-0041-D-F,,GCA_902707045.1,E. coli,ST6732,FALSE
H1-001-0042-N-E,,GCA_902707075.2,E. coli,ST12,FALSE
H1-001-0043-L-G,,GCA_902707055.2,E. coli,ST155,FALSE
H1-001-0044-P-M,,GCA_902707095.2,E. coli,ST10,FALSE
H1-001-0045-L-T,,GCA_902707085.2,E. coli,ST131,FALSE
H1-001-0046-S-T,,GCA_902707065.2,E. coli,ST517,FALSE
H1-001-0047-R-C,,GCA_902712065.1,E. coli,ST162,FALSE
H1-001-0048-F-M,,GCA_902712025.2,E. coli,ST73,FALSE
H1-001-0049-M-M,,GCA_902711985.2,E. coli,ST167,FALSE
H1-001-0050-M-T,,GCA_902712075.2,E. coli,ST73,FALSE
H1-001-0051-L-F,,GCA_902711975.2,E. coli,ST398,FALSE
H1-001-0052-M-M,,GCA_902711965.2,E. coli,ST405,FALSE
H1-001-0053-K-E,,GCA_902712005.2,E. coli,ST117,FALSE
H1-001-0054-A-A,,GCA_902711995.2,E. coli,ST569,FALSE
H1-001-0055-L-B,,GCA_902712035.2,E. coli,ST1125,FALSE
H1-001-0056-E-J,,GCA_902712015.2,E. coli,ST73,FALSE
H1-001-0057-V-E,,GCA_902712045.1,E. coli,ST131,FALSE
H1-001-0058-G-M,,GCA_902712055.2,E. coli,ST73,FALSE
H1-001-0059-M-F,,GCA_902712085.2,E. coli,ST106,FALSE
H1-001-0060-C-R,,GCA_902707215.2,E. coli,ST69,FALSE
H1-001-0061-H-J,,GCA_902707185.2,E. coli,ST58,FALSE
H1-001-0062-D-H,,GCA_902707225.2,E. coli,ST38,FALSE
H1-001-0063-G-T,,GCA_902707265.2,E. coli,ST69,FALSE
H1-001-0064-D-M,,GCA_902707165.2,E. coli,ST62,FALSE
H1-001-0065-A-D,,GCA_902707275.2,E. coli,ST127,FALSE
H1-001-0066-P-C,,GCA_902707175.2,E. coli,ST1434,FALSE
H1-001-0067-D-V,,GCA_902707255.2,E. coli,ST744,FALSE
H1-001-0068-C-C,,GCA_902707145.2,E. coli,ST1278,FALSE
H1-001-0069-L-A,,GCA_902707295.2,E. coli,ST95,FALSE
H1-001-0070-L-P,,GCA_902707155.2,E. coli,ST69,FALSE
H1-001-0071-P-L,,GCA_902707245.2,E. coli,ST8097,FALSE
H1-001-0072-N-F,,GCA_902707125.2,E. coli,ST140,FALSE
H1-001-0073-Z-M,,GCA_902707235.2,E. coli,ST127,FALSE
H1-001-0074-B-K,,GCA_902707105.1,E. coli,ST10,FALSE
H1-001-0075-N-A,,GCA_902707205.2,E. coli,ST10,FALSE
H1-001-0076-M-P,,GCA_902707195.2,E. coli,ST131,FALSE
H1-001-0077-B-V,,GCA_902707135.1,E. coli,ST69,FALSE
H1-001-0078-O-P,,GCA_902707285.1,E. coli,ST69,FALSE
H1-001-0079-V-O,,GCA_902707115.2,E. coli,ST131,FALSE
H1-001-0080-B-A,,GCA_902707485.2,E. coli,ST648,FALSE
H1-001-0081-L-J,,GCA_902707345.2,E. coli,ST131,FALSE
H1-001-0082-P-K,,GCA_902707305.2,E. coli,ST95,FALSE
H1-001-0083-D-D,,GCA_902707335.2,E. coli,ST73,FALSE
H1-001-0084-A-S,,GCA_902707455.2,E. coli,ST73,FALSE
H1-001-0085-F-D,,GCA_902707445.2,E. coli,ST141,FALSE
H1-001-0086-B-F,,GCA_902707415.2,E. coli,ST963,FALSE
H1-001-0087-M-C,,GCA_902707465.2,E. coli,ST73,FALSE
H1-001-0088-K-O,,GCA_902707425.2,E. coli,ST73,FALSE
H1-001-0089-F-A,,GCA_902707365.1,E. coli,ST69,FALSE
H1-001-0090-C-J,,GCA_902707405.1,E. coli,ST12,FALSE
H1-001-0091-R-G,,GCA_902707475.2,E. coli,ST1415,FALSE
H1-001-0092-L-F,,GCA_902707355.2,E. coli,ST45,FALSE
H1-001-0093-R-A,,GCA_902707375.2,E. coli,ST155,FALSE
H1-001-0094-C-D,,GCA_902707325.2,E. coli,ST10,FALSE
H1-001-0095-N-K,,GCA_902707385.2,E. coli,ST12,FALSE
H1-001-0096-B-O,,GCA_902707495.2,E. coli,ST1431,FALSE
H1-001-0097-B-F,,GCA_902707395.2,E. coli,ST162,FALSE
H1-001-0098-B-K,,GCA_902707315.2,E. coli,ST95,FALSE
H1-001-0099-L-B,,GCA_902707435.2,E. coli,ST131,FALSE
H1-001-0100-H-O,,GCA_902707515.2,E. coli,ST69,FALSE
H1-001-0101-D-A,,GCA_902707505.2,E. coli,ST95,FALSE
H1-001-0102-V-J,,GCA_902707645.2,E. coli,ST48,FALSE
H1-001-0103-G-B,,GCA_902707695.1,E. coli,ST10,FALSE
H1-001-0104-J-J,,GCA_902707685.2,E. coli,ST62,FALSE
H1-001-0105-C-P,,GCA_902707595.2,E. coli,ST1594,FALSE
H1-001-0106-C-J,,GCA_902707525.2,E. coli,ST388,FALSE
H1-001-0107-L-E,,GCA_902707655.2,E. coli,ST131,FALSE
H1-001-0108-S-J,,GCA_902707565.2,E. coli,ST2253,FALSE
H1-001-0109-S-B,,GCA_902707555.1,E. coli,ST394,FALSE
H1-001-0110-D-F,,GCA_902707705.1,E. coli,ST69,FALSE
H1-001-0111-B-J,,GCA_902707575.2,E. coli,ST117,FALSE
H1-001-0112-D-M,,GCA_902707605.2,E. coli,ST415,FALSE
H1-001-0113-J-D,,GCA_902707635.2,E. coli,ST405,FALSE
H1-001-0114-R-S,,GCA_902707545.2,E. coli,ST404,FALSE
H1-001-0115-L-J,,GCA_902707535.2,E. coli,ST69,FALSE
H1-001-0116-H-M,,GCA_902707615.2,E. coli,ST131,FALSE
H1-001-0117-D-M,,GCA_902707625.2,E. coli,ST569,FALSE
H1-001-0118-F-M,,GCA_902707675.2,E. coli,ST73,FALSE
H1-001-0119-F-Z,,GCA_902707715.2,E. coli,ST14,FALSE
H1-001-0120-M-A,,GCA_902707665.2,E. coli,ST1434,FALSE
H1-001-0121-Q-J,,GCA_902707585.2,E. coli,ST23,FALSE
H1-001-0122-S-J,,GCA_902707795.2,E. coli,ST73,FALSE
H1-001-0123-M-L,,GCA_902707865.2,E. coli,ST69,FALSE
H1-001-0124-C-A,,GCA_902707745.2,E. coli,ST10,FALSE
H1-001-0125-B-M,,GCA_902707885.2,E. coli,ST58,FALSE
H1-001-0126-S-B,,GCA_902707785.2,E. coli,ST69,FALSE
H1-001-0127-P-J,,GCA_902707825.2,E. coli,ST642,FALSE
H1-001-0128-B-A,,GCA_902707875.2,E. coli,ST73,FALSE
H1-001-0129-R-J,,GCA_902707765.2,E. coli,ST409,FALSE
H1-001-0130-N-D,,GCA_902707895.2,E. coli,ST7093,FALSE
H1-001-0131-C-A,,GCA_902707835.2,E. coli,ST88,FALSE
H1-001-0132-J-F,,GCA_902707855.2,E. coli,ST69,FALSE
H1-001-0133-V-M,,GCA_902707805.2,E. coli,ST569,FALSE
H1-001-0134-C-D,,GCA_902707725.2,E. coli,ST69,FALSE
H1-001-0135-L-E,,GCA_902707735.2,E. coli,ST95,FALSE
H1-001-0136-C-S,,GCA_902707755.2,E. coli,ST38,FALSE
H1-001-0137-D-L,,GCA_902707845.2,E. coli,ST69,FALSE
H1-001-0138-N-F,,GCA_902707775.2,E. coli,ST95,FALSE
H1-001-0139-M-B,,GCA_902707815.1,E. coli,ST3580,FALSE
H1-001-0140-M-O,,GCA_902707905.1,E. coli,ST73,FALSE
H1-001-0141-G-Y,,GCA_902707915.2,E. coli,ST131,FALSE
H1-001-0142-L-C,,GCA_902707945.2,E. coli,ST5242,FALSE
H1-001-0143-B-M,,GCA_902707955.2,E. coli,ST69,FALSE
H1-001-0145-J-P,,GCA_902707965.2,E. coli,ST57,FALSE
H1-001-0146-V-D,,GCA_902707935.2,E. coli,ST1674,FALSE
H1-001-0147-D-A,,GCA_902707975.1,E. coli,ST405,FALSE
H1-001-0148-Y-J,,GCA_902707925.2,E. coli,ST141,FALSE
H1-001-0149-B-A,,GCA_902708045.2,E. coli,ST405,FALSE
H1-001-0150-D-P,,GCA_902708005.1,E. coli,ST69,FALSE
H1-001-0151-L-P,,GCA_902708025.2,E. coli,ST131,FALSE
H1-001-0152-D-D,,GCA_902708035.2,E. coli,ST69,FALSE
H1-001-0153-G-B,,GCA_902708015.2,E. coli,ST58,FALSE
H1-001-0154-T-K,,GCA_902707995.2,E. coli,ST410,FALSE
H1-001-0155-M-I,,GCA_902707985.2,E. coli,ST117,FALSE
H1-001-0156-V-R,,GCA_902708155.2,E. coli,ST8099,FALSE
H1-001-0157-P-A,,GCA_902708125.2,E. coli,ST73,FALSE
H1-002-0001-M-C,,GCA_902708075.2,E. coli,ST131,FALSE
H1-002-0002-B-M,,GCA_902708105.2,E. coli,ST12,FALSE
H1-002-0003-L-L,,GCA_902708165.2,E. coli,ST59,FALSE
H1-002-0004-T-A,,GCA_902708065.2,E. coli,ST131,FALSE
H1-002-0005-B-J,,GCA_902708115.2,E. coli,ST95,FALSE
H1-002-0006-F-J,,GCA_902708175.2,E. coli,ST69,FALSE
H1-002-0007-M-M,,GCA_902708135.2,E. coli,ST23,FALSE
H1-002-0008-D-F,,GCA_902708095.2,E. coli,ST12,FALSE
H1-002-0009-P-A,,GCA_902708215.2,E. coli,ST69,FALSE
H1-002-0010-M-M,,GCA_902708085.2,E. coli,ST162,FALSE
H1-002-0011-M-G,,GCA_902708205.2,E. coli,ST23,FALSE
H1-002-0012-T-C,,GCA_902708185.2,E. coli,ST393,FALSE
H1-002-0013-G-S,,GCA_902708195.2,E. coli,ST69,FALSE
H1-002-0014-K-M,,GCA_902708145.2,E. coli,ST131,FALSE
H1-002-0015-B-R,,GCA_902708055.2,E. coli,ST450,FALSE
H1-002-0016-H-R,,GCA_902708255.2,E. coli,ST1193,FALSE
H1-002-0017-S-I,,GCA_902708265.2,E. coli,ST131,FALSE
H1-002-0018-N-A,,GCA_902708235.2,E. coli,ST8102,FALSE
H1-002-0019-P-P,,GCA_902708225.2,E. coli,ST69,FALSE
H1-002-0020-C-L,,GCA_902708245.2,E. coli,ST131,FALSE
H1-002-0021-O-L,,GCA_902708275.2,E. coli,ST8116,FALSE
H1-002-0022-N-F,,GCA_902708285.2,E. coli,ST73,FALSE
H1-002-0023-C-A,,GCA_902708315.2,E. coli,ST69,FALSE
H1-002-0024-V-G,,GCA_902708305.2,E. coli,ST83,FALSE
H1-002-0025-C-P,,GCA_902708295.2,E. coli,ST69,FALSE
H1-002-0026-M-N,,GCA_902708395.2,E. coli,ST131,FALSE
H1-002-0027-A-K,,GCA_902708425.2,E. coli,ST127,FALSE
H1-002-0028-B-G,,GCA_902708445.2,E. coli,ST131,FALSE
H1-002-0029-A-E,,GCA_902708325.2,E. coli,ST69,FALSE
H1-002-0030-T-Y,,GCA_902708375.2,E. coli,ST681,FALSE
H1-002-0031-C-S,,GCA_902708405.2,E. coli,ST141,FALSE
H1-002-0032-S-C,,GCA_902708415.2,E. coli,ST10,FALSE
H1-002-0033-S-R,,GCA_902708385.2,E. coli,ST73,FALSE
H1-002-0034-C-Z,,GCA_902708345.2,E. coli,ST12,FALSE
H1-002-0035-L-C,,GCA_902708365.2,E. coli,ST144,FALSE
H1-002-0036-S-N,,GCA_902708435.2,E. coli,ST12,FALSE
H1-002-0037-M-F,,GCA_902708355.2,E. coli,ST95,FALSE
H1-002-0038-D-O,,GCA_902708335.2,E. coli,ST398,FALSE
H1-002-0039-R-E,,GCA_902708485.2,E. coli,ST131,FALSE
H1-002-0040-D-F,,GCA_902708535.2,E. coli,ST131,FALSE
H1-002-0041-E-M,,GCA_902708515.2,E. coli,ST131,FALSE
H1-002-0042-T-M,,GCA_902708525.2,E. coli,ST131,FALSE
H1-002-0043-S-L,,GCA_902708555.2,E. coli,ST131,FALSE
H1-002-0044-L-P,,GCA_902708545.2,E. coli,ST95,FALSE
H1-002-0045-V-M,,GCA_902708505.2,E. coli,ST69,FALSE
H1-002-0046-C-E,,GCA_902708455.2,E. coli,ST8100,FALSE
H1-002-0047-P-M,,GCA_902708495.2,E. coli,ST453,FALSE
H1-002-0048-T-C,,GCA_902708475.2,E. coli,ST73,FALSE
H1-002-0049-D-R,,GCA_902708465.2,E. coli,ST131,FALSE
H1-002-0050-L-G,,GCA_902708575.2,E. coli,ST127,FALSE
H1-002-0051-D-S,,GCA_902708595.2,E. coli,ST58,FALSE
H1-002-0052-P-C,,GCA_902708565.2,E. coli,ST1604,FALSE
H1-002-0053-D-K,,GCA_902708625.2,E. coli,ST131,FALSE
H1-002-0054-V-A,,GCA_902708605.2,E. coli,ST73,FALSE
H1-002-0055-L-M,,GCA_902708615.2,E. coli,ST69,FALSE
H1-002-0056-B-L,,GCA_902708585.2,E. coli,ST69,FALSE
H1-002-0057-F-J,,GCA_902708655.2,E. coli,ST685,FALSE
H1-002-0058-H-G,,GCA_902708675.2,E. coli,ST73,FALSE
H1-002-0059-D-J,,GCA_902708635.2,E. coli,ST1590,FALSE
H1-002-0060-C-T,,GCA_902708665.2,E. coli,ST88,FALSE
H1-002-0061-D-Z,,GCA_902708685.2,E. coli,ST73,FALSE
H1-002-0062-F-N,,GCA_902708645.2,E. coli,ST144,FALSE
H1-002-0063-C-M,,GCA_902708805.2,E. coli,ST1193,FALSE
H1-002-0064-E-M,,GCA_902708705.2,E. coli,ST58,FALSE
H1-002-0065-O-P,,GCA_902708735.2,E. coli,ST12,FALSE
H1-002-0066-F-K,,GCA_902708785.2,E. coli,ST1858,FALSE
H1-002-0067-L-Z,,GCA_902708715.2,E. coli,ST127,FALSE
H1-002-0068-R-E,,GCA_902708795.2,E. coli,ST95,FALSE
H1-002-0069-V-G,,GCA_902708725.2,E. coli,ST738,FALSE
H1-002-0070-M-J,,GCA_902708815.2,E. coli,ST131,FALSE
H1-002-0071-M-C,,GCA_902708745.2,E. coli,ST73,FALSE
H1-002-0072-L-P,,GCA_902708765.2,E. coli,ST162,FALSE
H1-002-0073-C-C,,GCA_902708755.2,E. coli,ST95,FALSE
H1-002-0074-R-S,,GCA_902708775.2,E. coli,ST95,FALSE
H1-002-0075-S-Y,,GCA_902708695.2,E. coli,ST73,FALSE
H1-002-0076-C-S,,GCA_902708835.2,E. coli,ST372,FALSE
H1-002-0077-B-G,,GCA_902708845.2,E. coli,ST131,FALSE
H1-002-0078-L-J,,GCA_902708825.2,E. coli,ST12,FALSE
H1-003-0001-F-L,,GCA_902708865.2,E. coli,ST69,FALSE
H1-003-0002-N-D,,GCA_902708925.2,E. coli,ST10,FALSE
H1-003-0003-A-N,,GCA_902708905.2,E. coli,ST93,FALSE
H1-003-0004-V-F,,GCA_902708885.2,E. coli,ST48,FALSE
H1-003-0005-M-C,,GCA_902708935.2,E. coli,ST69,FALSE
H1-003-0006-O-H,,GCA_902708915.2,E. coli,ST8104,FALSE
H1-003-0007-V-V,,GCA_902708895.2,E. coli,ST69,FALSE
H1-003-0008-A-C,,GCA_902708855.2,E. coli,ST12,FALSE
H1-003-0009-G-T,,GCA_902708945.2,E. coli,ST1193,FALSE
H1-003-0010-G-J,,GCA_902708875.2,E. coli,ST58,FALSE
H1-003-0011-C-R,,GCA_902709105.2,E. coli,ST404,FALSE
H1-003-0012-P-A,,GCA_902709135.2,E. coli,ST428,FALSE
H1-003-0013-F-G,,GCA_902709115.2,E. coli,ST141,FALSE
H1-003-0014-B-N,,GCA_902709085.2,E. coli,ST131,FALSE
H1-003-0015-M-G,,GCA_902708985.2,E. coli,ST58,FALSE
H1-003-0016-A-A,,GCA_902708955.2,E. coli,ST8103,FALSE
H1-003-0017-T-S,,GCA_902709145.2,E. coli,ST10,FALSE
H1-003-0018-G-T,,GCA_902708965.2,E. coli,ST2328,FALSE
H1-003-0019-B-M,,GCA_902709095.2,E. coli,ST3042,FALSE
H1-003-0020-T-P,,GCA_902709055.2,E. coli,ST73,FALSE
H1-003-0021-B-C,,GCA_902708975.2,E. coli,ST357,FALSE
H1-003-0022-D-M,,GCA_902709125.2,E. coli,ST69,FALSE
H1-003-0023-D-G,,GCA_902709065.2,E. coli,ST393,FALSE
H1-003-0024-A-P,,GCA_902709035.2,E. coli,ST131,FALSE
H1-003-0025-B-A,,GCA_902709075.2,E. coli,ST69,FALSE
H1-003-0026-R-A,,GCA_902709015.2,E. coli,ST95,FALSE
H1-003-0027-L-P,,GCA_902709045.2,E. coli,ST69,FALSE
H1-003-0028-B-I,,GCA_902709005.2,E. coli,ST69,FALSE
H1-003-0029-P-C,,GCA_902709025.2,E. coli,ST131,FALSE
H1-003-0030-D-F,,GCA_902708995.2,E. coli,ST59,FALSE
H1-003-0032-M-L,,GCA_902709305.2,E. coli,ST131,FALSE
H1-003-0033-A-J,,GCA_902709335.2,E. coli,ST131,FALSE
H1-003-0034-G-T,,GCA_902709195.2,E. coli,ST8108,FALSE
H1-003-0035-D-E,,GCA_902709185.2,E. coli,ST1092,FALSE
H1-003-0036-P-A,,GCA_902709255.2,E. coli,ST1643,FALSE
H1-003-0037-B-J,,GCA_902709285.2,E. coli,ST404,FALSE
H1-003-0038-E-A,,GCA_902709245.2,E. coli,ST357,FALSE
H1-003-0039-D-O,,GCA_902709205.2,E. coli,ST131,FALSE
H1-003-0040-A-H,,GCA_902709325.2,E. coli,ST48,FALSE
H1-003-0041-L-G,,GCA_902709235.2,E. coli,ST537,FALSE
H1-003-0042-K-J,,GCA_902709275.2,E. coli,ST131,FALSE
H1-003-0043-G-D,,GCA_902709315.2,E. coli,ST404,FALSE
H1-003-0044-B-J,,GCA_902709215.2,E. coli,ST144,FALSE
H1-003-0045-B-K,,GCA_902709165.2,E. coli,ST8101,FALSE
H1-003-0046-S-C,,GCA_902709295.2,E. coli,ST69,FALSE
H1-003-0047-P-C,,GCA_902709225.2,E. coli,ST380,FALSE
H1-003-0048-D-P,,GCA_902709155.2,E. coli,ST744,FALSE
H1-003-0049-H-A,,GCA_902709345.2,E. coli,ST131,FALSE
H1-003-0050-R-P,,GCA_902709175.2,E. coli,ST4358,FALSE
H1-003-0051-D-J,,GCA_902709265.2,E. coli,ST59,FALSE
H1-003-0052-K-I,,GCA_902709395.2,E. coli,ST131,FALSE
H1-003-0053-M-P,,GCA_902709405.2,E. coli,ST58,FALSE
H1-003-0054-P-P,,GCA_902709505.2,E. coli,ST117,FALSE
H1-003-0055-S-J,,GCA_902709485.2,E. coli,ST73,FALSE
H1-003-0056-S-G,,GCA_902709445.2,E. coli,ST131,FALSE
H1-003-0057-E-J,,GCA_902709535.2,E. coli,ST58,FALSE
H1-003-0058-P-M,,GCA_902709425.2,E. coli,ST131,FALSE
H1-003-0059-B-D,,GCA_902709545.2,E. coli,ST1193,FALSE
H1-003-0060-L-P,,GCA_902709415.2,E. coli,ST131,FALSE
H1-003-0061-B-S,,GCA_902709465.2,E. coli,ST12,FALSE
H1-003-0062-S-A,,GCA_902709455.2,E. coli,ST58,FALSE
H1-003-0063-C-D,,GCA_902709495.2,E. coli,ST69,FALSE
H1-003-0064-F-B,,GCA_902709515.2,E. coli,ST1193,FALSE
H1-003-0065-B-J,,GCA_902709385.2,E. coli,ST349,FALSE
H1-003-0066-D-R,,GCA_902709355.2,E. coli,ST131,FALSE
H1-003-0067-G-L,,GCA_902709475.2,E. coli,ST939,FALSE
H1-003-0068-D-P,,GCA_902709375.2,E. coli,ST131,FALSE
H1-003-0069-M-R,,GCA_902709365.2,E. coli,ST131,FALSE
H1-003-0070-P-A,,GCA_902709525.2,E. coli,ST14,FALSE
H1-003-0071-C-J,,GCA_902709435.2,E. coli,ST88,FALSE
H1-003-0072-K-A,,GCA_902709615.2,E. coli,ST38,FALSE
H1-003-0073-B-R,,GCA_902709665.2,E. coli,ST404,FALSE
H1-003-0074-F-B,,GCA_902709625.2,E. coli,ST69,FALSE
H1-003-0075-G-C,,GCA_902709685.2,E. coli,ST1618,FALSE
H1-003-0076-A-L,,GCA_902709745.2,E. coli,ST1722,FALSE
H1-003-0077-P-R,,GCA_902709655.2,E. coli,ST73,FALSE
H1-003-0078-L-J,,GCA_902709705.2,E. coli,ST73,FALSE
H1-003-0079-G-R,,GCA_902709575.2,E. coli,ST88,FALSE
H1-003-0080-M-J,,GCA_902709725.2,E. coli,ST73,FALSE
H1-003-0081-L-V,,GCA_902709715.2,E. coli,ST10,FALSE
H1-003-0082-B-D,,GCA_902709595.2,E. coli,ST59,FALSE
H1-003-0083-B-J,,GCA_902709605.2,E. coli,ST131,FALSE
H1-003-0084-P-F,,GCA_902709695.2,E. coli,ST131,FALSE
H1-003-0085-C-J,,GCA_902709635.2,E. coli,ST372,FALSE
H1-003-0086-C-F,,GCA_902709585.2,E. coli,ST5540,FALSE
H1-003-0087-P-A,,GCA_902709675.2,E. coli,ST73,FALSE
H1-003-0088-B-J,,GCA_902709565.2,E. coli,ST88,FALSE
H1-003-0089-N-A,,GCA_902709735.2,E. coli,ST95,FALSE
H1-003-0090-V-J,,GCA_902709555.2,E. coli,ST88,FALSE
H1-003-0091-B-Y,,GCA_902709645.2,E. coli,ST648,FALSE
H1-003-0092-M-M,,GCA_902709805.2,E. coli,ST58,FALSE
H1-003-0093-S-I,,GCA_902709825.2,E. coli,ST354,FALSE
H1-003-0094-P-G,,GCA_902709835.2,E. coli,ST429,FALSE
H1-003-0095-L-C,,GCA_902709875.2,E. coli,ST73,FALSE
H1-003-0096-Y-E,,GCA_902709845.2,E. coli,ST600,FALSE
H1-003-0097-L-A,,GCA_902709915.2,E. coli,ST38,FALSE
H1-003-0098-J-H,,GCA_902709755.2,E. coli,ST93,FALSE
H1-003-0099-G-R,,GCA_902709895.2,E. coli,ST38,FALSE
H1-003-0100-P-J,,GCA_902709925.2,E. coli,ST58,FALSE
H1-003-0101-A-M,,GCA_902709815.2,E. coli,ST8098,FALSE
H1-003-0102-N-F,,GCA_902709775.2,E. coli,ST95,FALSE
H1-003-0103-H-T,,GCA_902709785.2,E. coli,ST69,FALSE
H1-003-0104-D-J,,GCA_902709855.2,E. coli,ST141,FALSE
H1-003-0105-C-R,,GCA_902709765.2,E. coli,ST88,FALSE
H1-003-0106-F-F,,GCA_902709885.2,E. coli,ST106,FALSE
H1-003-0107-C-T,,GCA_902709905.2,E. coli,ST131,FALSE
H1-003-0108-G-P,,GCA_902709795.2,E. coli,ST1431,FALSE
H1-003-0109-M-D,,GCA_902709865.2,E. coli,ST301,FALSE
H1-003-0110-L-T,,GCA_902710035.2,E. coli,ST69,FALSE
H1-003-0111-F-S,,GCA_902709985.2,E. coli,ST48,FALSE
H1-003-0112-M-M,,GCA_902710025.2,E. coli,ST58,FALSE
H1-003-0113-M-D,,GCA_902709995.2,E. coli,ST5602,FALSE
H1-003-0114-T-R,,GCA_902710085.1,E. coli,ST141,FALSE
H1-003-0115-L-R,,GCA_902710115.2,E. coli,ST88,FALSE
H1-003-0116-V-R,,GCA_902709975.2,E. coli,ST8105,FALSE
H1-003-0117-S-L,,GCA_902710105.2,E. coli,ST73,FALSE
H1-003-0118-G-E,,GCA_902710065.2,E. coli,ST131,FALSE
H1-003-0119-G-R,,GCA_902709935.2,E. coli,ST131,FALSE
H1-003-0120-P-R,,GCA_902710055.2,E. coli,ST8106,FALSE
H1-003-0121-E-F,,GCA_902710075.2,E. coli,ST58,FALSE
H1-003-0122-K-R,,GCA_902710125.2,E. coli,ST131,FALSE
H1-003-0123-M-R,,GCA_902709945.2,E. coli,ST69,FALSE
H1-004-0001-B-J,,GCA_902710015.2,E. coli,ST131,FALSE
H1-004-0002-M-C,,GCA_902711075.2,E. coli,ST131,FALSE
H1-004-0003-G-R,,GCA_902709965.2,E. coli,ST2436,FALSE
H1-004-0004-L-A,,GCA_902709955.2,E. coli,ST69,FALSE
H1-004-0005-J-I,,GCA_902710005.2,E. coli,ST95,FALSE
H1-004-0006-D-E,,GCA_902710045.2,E. coli,ST12,FALSE
H1-004-0007-O-M,,GCA_902710095.2,E. coli,ST770,FALSE
H1-004-0008-M-Y,,GCA_902710145.2,E. coli,ST131,FALSE
H1-004-0009-M-M,,GCA_902710135.2,E. coli,ST12,FALSE
H1-004-0010-C-O,,GCA_902710275.2,E. coli,ST131,FALSE
H1-004-0011-S-K,,GCA_902710285.2,E. coli,ST73,FALSE
H1-004-0012-M-Z,,GCA_902710235.2,E. coli,ST1485,FALSE
H1-004-0013-A-M,,GCA_902710175.2,E. coli,ST69,FALSE
H1-004-0014-D-M,,GCA_902710245.2,E. coli,ST10,FALSE
H1-004-0015-N-A,,GCA_902710205.2,E. coli,ST2206,FALSE
H1-004-0016-L-R,,GCA_902710185.2,E. coli,ST73,FALSE
H1-004-0017-B-M,,GCA_902710155.2,E. coli,ST58,FALSE
H1-004-0018-V-M,,GCA_902710165.2,E. coli,ST5484,FALSE
H1-004-0019-M-J,,GCA_902710255.2,E. coli,ST537,FALSE
H1-004-0020-M-A,,GCA_902710225.2,E. coli,ST5155,FALSE
H1-004-0021-W-I,,GCA_902710195.2,E. coli,ST23,FALSE
H1-004-0022-M-L,,GCA_902710215.2,E. coli,ST131,FALSE
H1-004-0023-R-J,,GCA_902710265.2,E. coli,ST394,FALSE
H1-004-0024-M-R,,GCA_902711135.2,E. coli,ST405,FALSE
H1-004-0025-T-J,,GCA_902710325.2,E. coli,ST131,FALSE
H1-004-0026-E-A,,GCA_902710335.2,E. coli,ST73,FALSE
H1-004-0027-B-P,,GCA_902710315.2,E. coli,ST93,FALSE
H1-004-0028-B-J,,GCA_902710305.2,E. coli,ST131,FALSE
H1-004-0029-D-M,,GCA_902710295.2,E. coli,ST69,FALSE
H1-004-0030-A-D,,GCA_902710345.2,E. coli,ST357,FALSE
H1-004-0031-M-D,,GCA_902710365.2,E. coli,ST321,FALSE
H1-004-0032-M-R,,GCA_902710385.2,E. coli,ST95,FALSE
H1-004-0033-B-M,,GCA_902710395.2,E. coli,ST95,FALSE
H1-004-0034-B-S,,GCA_902710375.2,E. coli,ST69,FALSE
H1-004-0035-L-Y,,GCA_902710355.2,E. coli,ST14,FALSE
H1-004-0036-R-B,,GCA_902711205.2,E. coli,ST73,FALSE
H1-004-0037-C-M,,GCA_902710405.2,E. coli,ST131,FALSE
H1-004-0038-D-S,,GCA_902710415.2,E. coli,ST73,FALSE
H1-004-0039-M-M,,GCA_902710495.2,E. coli,ST95,FALSE
H1-004-0040-M-P,,GCA_902710445.2,E. coli,ST48,FALSE
H1-004-0041-C-C,,GCA_902710515.2,E. coli,ST162,FALSE
H1-004-0042-F-R,,GCA_902710545.2,E. coli,ST131,FALSE
H1-004-0043-G-R,,GCA_902710485.2,E. coli,ST7343,FALSE
H1-004-0044-A-F,,GCA_902710465.2,E. coli,ST327,FALSE
H1-004-0045-D-N,,GCA_902710535.2,E. coli,ST69,FALSE
H1-005-0001-B-P,,GCA_902710525.2,E. coli,ST10,FALSE
H1-005-0002-P-M,,GCA_902711175.2,E. coli,ST140,FALSE
H1-005-0003-L-R,,GCA_902711115.2,E. coli,ST131,FALSE
H1-005-0004-K-C,,GCA_902710455.2,E. coli,ST8111,FALSE
H1-005-0007-B-J,,GCA_902710475.2,E. coli,ST362,FALSE
H1-005-0008-B-B,,GCA_902710505.2,E. coli,ST69,FALSE
H1-005-0009-D-X,,GCA_902710435.2,E. coli,ST14,FALSE
H1-005-0010-B-P,,GCA_902710425.2,E. coli,ST131,FALSE
H1-005-0011-B-M,,GCA_902710575.2,E. coli,ST131,FALSE
H1-005-0012-L-M,,GCA_902710675.2,E. coli,ST8117,FALSE
H1-005-0013-L-D,,GCA_902710565.2,E. coli,ST73,FALSE
H1-005-0014-M-A,,GCA_902710665.2,E. coli,ST69,FALSE
H1-005-0015-A-D,,GCA_902710615.2,E. coli,ST156,FALSE
H1-005-0016-A-H,,GCA_902710555.2,E. coli,ST1722,FALSE
H1-005-0017-S-M,,GCA_902710605.2,E. coli,ST131,FALSE
H1-005-0020-C-M,,GCA_902710645.2,E. coli,ST95,FALSE
H1-005-0022-B-A,,GCA_902710635.2,E. coli,ST73,FALSE
H1-005-0023-G-E,,GCA_902710625.2,E. coli,ST73,FALSE
H1-005-0024-E-M,,GCA_902711265.2,E. coli,ST73,FALSE
H1-005-0025-R-L,,GCA_902710585.2,E. coli,ST162,FALSE
H1-005-0027-E-M,,GCA_902710595.2,E. coli,ST8115,FALSE
H1-005-0028-K-P,,GCA_902710685.2,E. coli,ST131,FALSE
H1-005-0029-M-I,,GCA_902710655.2,E. coli,ST131,FALSE
H1-005-0030-E-I,,GCA_902710735.2,E. coli,ST69,FALSE
H1-005-0031-M-R,,GCA_902710705.2,E. coli,ST998,FALSE
H1-005-0032-C-D,,GCA_902710715.2,E. coli,ST131,FALSE
H1-005-0033-F-F,,GCA_902710745.2,E. coli,ST80,FALSE
H1-005-0034-P-M,,GCA_902710695.2,E. coli,ST998,FALSE
H1-005-0035-M-M,,GCA_902710725.2,E. coli,ST12,FALSE
H1-005-0036-K-J,,GCA_902710755.2,E. coli,ST95,FALSE
H1-005-0037-P-G,,GCA_902710805.2,E. coli,ST144,FALSE
H1-005-0038-A-J,,GCA_902710775.2,E. coli,ST141,FALSE
H1-005-0039-V-F,,GCA_902710785.2,E. coli,ST73,FALSE
H1-005-0040-M-A,,GCA_902710765.2,E. coli,ST4219,FALSE
H1-005-0041-M-P,,GCA_902710795.2,E. coli,ST73,FALSE
H1-005-0042-D-T,,GCA_902710855.2,E. coli,ST73,FALSE
H1-005-0043-B-O,,GCA_902710915.2,E. coli,ST12,FALSE
H1-005-0044-R-A,,GCA_902711255.2,E. coli,ST95,FALSE
H1-005-0045-G-C,,GCA_902710945.2,E. coli,ST362,FALSE
H1-005-0046-E-M,,GCA_902710925.2,E. coli,ST109,FALSE
H1-005-0047-S-F,,GCA_902710865.2,E. coli,ST131,FALSE
H1-005-0048-I-T,,GCA_902710815.2,E. coli,ST543,FALSE
H1-005-0049-L-J,,GCA_902710885.2,E. coli,ST73,FALSE
H1-005-0050-D-A,,GCA_902710875.2,E. coli,ST10,FALSE
H1-005-0051-H-M,,GCA_902710935.2,E. coli,ST421,FALSE
H1-005-0052-B-J,,GCA_902710835.2,E. coli,ST131,FALSE
H1-005-0053-L-F,,GCA_902710825.2,E. coli,ST69,FALSE
H1-005-0054-C-P,,GCA_902710845.2,E. coli,ST131,FALSE
H1-005-0055-B-R,,GCA_902710905.2,E. coli,ST7882,FALSE
H1-005-0056-W-P,,GCA_902710895.2,E. coli,ST131,FALSE
H1-005-0057-S-L,,GCA_902711035.2,E. coli,ST131,FALSE
H1-005-0058-M-A,,GCA_902710985.2,E. coli,ST58,FALSE
H1-005-0059-C-M,,GCA_902711025.2,E. coli,ST8109,FALSE
H1-005-0060-I-L,,GCA_902710975.2,E. coli,ST354,FALSE
H1-005-0061-L-J,,GCA_902711015.2,E. coli,ST73,FALSE
H1-005-0062-N-S,,GCA_902711045.2,E. coli,ST602,FALSE
H1-005-0063-P-L,,GCA_902711055.2,E. coli,ST73,FALSE
H1-005-0064-A-O,,GCA_902710955.2,E. coli,ST1125,FALSE
H1-005-0065-L-P,,GCA_902710995.2,E. coli,ST88,FALSE
H1-005-0066-W-C,,GCA_902711065.1,E. coli,ST10,FALSE
H1-005-0067-A-O,,GCA_902711245.2,E. coli,ST1193,FALSE
H1-005-0068-D-C,,GCA_902710965.2,E. coli,ST141,FALSE
H1-005-0069-B-M,,GCA_902711005.2,E. coli,ST12,FALSE
H1-006-0001-M-F,,GCA_902711235.2,E. coli,ST8114,FALSE
H1-006-0002-F-L,,GCA_902711095.2,E. coli,ST131,FALSE
H1-006-0003-S-L,,GCA_902711215.2,E. coli,ST783,FALSE
H1-006-0004-F-M,,GCA_902711125.2,E. coli,ST69,FALSE
H1-006-0005-A-H,,GCA_902711155.2,E. coli,ST131,FALSE
H1-006-0006-C-A,,GCA_902711145.2,E. coli,ST73,FALSE
H1-006-0007-D-C,,GCA_902711105.2,E. coli,ST69,FALSE
H1-006-0008-K-G,,GCA_902711185.2,E. coli,ST73,FALSE
H1-006-0009-P-C,,GCA_902711225.2,E. coli,ST141,FALSE
H1-006-0010-A-H,,GCA_902711085.2,E. coli,ST69,FALSE
H1-006-0011-L-G,,GCA_902711195.2,E. coli,ST550,FALSE
H1-006-0012-T-R,,GCA_902711165.2,E. coli,ST131,FALSE
H1-006-0013-N-E,,GCA_902711395.2,E. coli,ST141,FALSE
H1-006-0014-H-P,,GCA_902711455.2,E. coli,ST93,FALSE
H1-006-0015-M-S,,GCA_902711385.2,E. coli,ST8112,FALSE
H1-006-0016-D-L,,GCA_902711335.2,E. coli,ST95,FALSE
H1-006-0017-B-Y,,GCA_902711295.2,E. coli,ST12,FALSE
H1-006-0018-G-M,,GCA_902711285.2,E. coli,ST2602,FALSE
H1-006-0019-C-M,,GCA_902711355.2,E. coli,ST127,FALSE
H1-006-0020-C-M,,GCA_902711365.2,E. coli,ST12,FALSE
H1-006-0021-S-B,,GCA_902711435.2,E. coli,ST380,FALSE
H1-006-0022-L-R,,GCA_902711345.2,E. coli,ST410,FALSE
H1-006-0023-B-E,,GCA_902711315.2,E. coli,ST162,FALSE
H1-006-0024-B-L,,GCA_902711415.2,E. coli,ST380,FALSE
H1-006-0025-K-A,,GCA_902711405.2,E. coli,ST1193,FALSE
H1-006-0026-L-L,,GCA_902711325.2,E. coli,ST95,FALSE
H1-006-0027-H-J,,GCA_902711305.2,E. coli,ST69,FALSE
H1-006-0028-D-J,,GCA_902711425.2,E. coli,ST73,FALSE
H1-006-0029-A-Y,,GCA_902711445.2,E. coli,ST131,FALSE
H1-006-0030-J-R,,GCA_902711375.2,E. coli,ST136,FALSE
H1-006-0031-R-H,,GCA_902711275.2,E. coli,ST4774,FALSE
H1-006-0032-V-J,,GCA_902711465.2,E. coli,ST69,FALSE
H1-006-0033-P-A,,GCA_902711635.2,E. coli,ST73,FALSE
H1-006-0034-T-Z,,GCA_902711525.2,E. coli,ST58,FALSE
H1-006-0035-L-J,,GCA_902711565.2,E. coli,ST58,FALSE
H1-006-0036-K-N,,GCA_902711625.2,E. coli,ST80,FALSE
H1-007-0001-L-D,,GCA_902711535.2,E. coli,ST131,FALSE
H1-007-0002-S-S,,GCA_902711475.2,E. coli,ST73,FALSE
H1-007-0003-S-K,,GCA_902711485.2,E. coli,ST73,FALSE
H1-007-0004-G-N,,GCA_902711575.2,E. coli,ST69,FALSE
H1-007-0005-S-V,,GCA_902711585.2,E. coli,ST4358,FALSE
H1-007-0006-B-R,,GCA_902711605.2,E. coli,ST73,FALSE
H1-007-0007-D-J,,GCA_902711495.2,E. coli,ST131,FALSE
H1-007-0008-D-A,,GCA_902711615.2,E. coli,ST69,FALSE
H1-007-0009-T-R,,GCA_902711505.2,E. coli,ST95,FALSE
H1-007-0010-M-S,,GCA_902711545.2,E. coli,ST10,FALSE
H1-007-0011-C-M,,GCA_902711595.2,E. coli,ST73,FALSE
H1-007-0012-A-V,,GCA_902711515.2,E. coli,ST95,FALSE
H1-007-0013-G-S,,GCA_902711555.2,E. coli,ST1248,FALSE
H1-007-0014-D-E,,GCA_902711775.2,E. coli,ST58,FALSE
H1-007-0015-D-G,,GCA_902711805.2,E. coli,ST23,FALSE
H1-007-0016-Z-M,,GCA_902711665.2,E. coli,ST8110,FALSE
H1-007-0017-T-K,,GCA_902711765.2,E. coli,ST73,FALSE
H1-007-0018-T-J,,GCA_902711825.2,E. coli,ST69,FALSE
H1-007-0019-F-N,,GCA_902711685.2,E. coli,ST162,FALSE
H1-007-0020-B-D,,GCA_902711675.2,E. coli,ST95,FALSE
H1-007-0021-C-G,,GCA_902711815.2,E. coli,ST73,FALSE
H1-007-0022-M-F,,GCA_902711705.2,E. coli,ST847,FALSE
H1-007-0023-P-A,,GCA_902711755.2,E. coli,ST73,FALSE
H1-007-0024-R-O,,GCA_902711795.2,E. coli,ST95,FALSE
H1-007-0025-A-R,,GCA_902711715.2,E. coli,ST8113,FALSE
H1-007-0026-H-D,,GCA_902711645.2,E. coli,ST227,FALSE
H1-007-0027-K-T,,GCA_902711725.2,E. coli,ST131,FALSE
H1-007-0028-C-T,,GCA_902711745.2,E. coli,ST73,FALSE
H1-007-0029-B-L,,GCA_902711785.2,E. coli,ST127,FALSE
H1-007-0030-R-J,,GCA_902711735.2,E. coli,ST95,FALSE
H1-007-0031-G-I,,GCA_902711695.2,E. coli,ST14,FALSE
H1-007-0032-B-M,,GCA_902711655.2,E. coli,ST62,FALSE
H1-007-0033-F-S,,GCA_902711855.2,E. coli,ST10,FALSE
H1-007-0034-F-P,,GCA_902711835.2,E. coli,ST4162,FALSE
H1-007-0035-S-G,,GCA_902711845.2,E. coli,ST62,FALSE
H1-007-0036-L-A,,GCA_902711865.2,E. coli,ST73,FALSE
H1-007-0037-H-D,,GCA_902711955.2,E. coli,ST88,FALSE
H1-007-0038-P-M,,GCA_902711905.2,E. coli,ST38,FALSE
H1-007-0039-H-A,,GCA_902711945.2,E. coli,ST372,FALSE
H1-007-0040-B-Y,,GCA_902711895.2,E. coli,ST95,FALSE
H1-007-0041-L-M,,GCA_902711875.2,E. coli,ST141,FALSE
H1-007-0042-M-F,,GCA_902711935.2,E. coli,ST57,FALSE
H1-007-0043-A-J,,GCA_902711885.2,E. coli,ST73,FALSE
H1-007-0044-L-B,,GCA_902711925.2,E. coli,ST69,FALSE
H1-007-0045-R-M,,GCA_902711915.2,E. coli,ST8107,FALSE
R1B13A10,,GCA_903974525.1,E. coli,ST69,FALSE
R1B13A8,,GCA_903974545.1,E. coli,ST127,FALSE
R1B13B10,,GCA_903974555.1,E. coli,ST847,FALSE
R1B13B6,,GCA_903974565.1,E. coli,ST710,FALSE
R1B13B7,,GCA_903974535.1,E. coli,ST405,FALSE
R1B13C3,,GCA_903974685.1,E. coli,ST131,FALSE
R1B13C8,,GCA_903995625.1,E. coli,ST95,FALSE
R1B13C9,,GCA_903974715.1,E. coli,ST95,FALSE
R1B13D4,,GCA_903974605.1,E. coli,ST73,FALSE
R1B13D6,,GCA_903974625.1,E. coli,ST62,FALSE
R1B13E2,,GCA_903974615.1,E. coli,ST390,FALSE
R1B13E3,,GCA_903974575.1,E. coli,ST1394,FALSE
R1B13E5,,GCA_903974635.1,E. coli,ST95,FALSE
R1B13F1,,GCA_903974585.1,E. coli,ST95,FALSE
R1B13F2,,GCA_903974645.1,E. coli,ST73,FALSE
R1B13F4,,GCA_903974595.1,E. coli,ST652,FALSE
R1B13F7,,GCA_903974675.1,E. coli,ST141,FALSE
R1B13G5,,GCA_903974655.1,E. coli,ST73,FALSE
R1B13G8,,GCA_903974665.1,E. coli,ST8084,FALSE
R1B13G9,,GCA_903974725.1,E. coli,ST405,FALSE
R1B13H1,,GCA_903974885.1,E. coli,ST48,FALSE
R1B13H4,,GCA_903974735.1,E. coli,ST69,FALSE
R1B13H6,,GCA_903974905.1,E. coli,ST117,FALSE
R1B13I5,,GCA_903974765.1,E. coli,ST73,FALSE
R1B13I6,,GCA_903974895.1,E. coli,ST131,FALSE
R1B13I8,,GCA_903974695.1,E. coli,ST95,FALSE
R1B13I9,,GCA_903974705.1,E. coli,ST131,FALSE
R1B13J3,,GCA_903974755.1,E. coli,ST617,FALSE
R1B15A1,,GCA_903974745.1,E. coli,ST540,FALSE
R1B15A2,,GCA_903974925.1,E. coli,ST69,FALSE
R1B15A3,,GCA_903974915.1,E. coli,ST95,FALSE
R1B15B1,,GCA_903974945.1,E. coli,ST131,FALSE
R1B15C2,,GCA_903974935.1,E. coli,ST95,FALSE
R1B15C3,,GCA_903974955.1,E. coli,ST73,FALSE
R1B15D3,,GCA_903974965.1,E. coli,ST88,FALSE
R1B15E1,,GCA_903974995.1,E. coli,ST95,FALSE
R1B15E2,,GCA_903974985.1,E. coli,ST12,FALSE
R1B15E3,,GCA_903975005.1,E. coli,ST95,FALSE
R1B15F1,,GCA_903974975.1,E. coli,ST69,FALSE
R1B15G2,,GCA_903975015.1,E. coli,ST405,FALSE
R1B15H1,,GCA_903975035.1,E. coli,ST1486,FALSE
R1B15H2,,GCA_903975025.1,E. coli,ST1079,FALSE
R1B15I1,,GCA_903975045.1,E. coli,ST117,FALSE
R1B15I2,,GCA_903974775.1,E. coli,ST398,FALSE
R1B15J1,,GCA_903975055.1,E. coli,ST1304,FALSE
R1B1A1,,GCA_903975065.1,E. coli,ST10,FALSE
R1B1A11,,GCA_903975075.1,E. coli,ST14,FALSE
R1B1A13,,GCA_903975085.1,E. coli,ST73,FALSE
R1B1A15,,GCA_903975095.1,E. coli,ST73,FALSE
R1B1A3,,GCA_903974875.1,E. coli,ST405,FALSE
R1B1A5,,GCA_903974825.1,E. coli,ST131,FALSE
R1B1A6,,GCA_903975115.1,E. coli,ST95,FALSE
R1B1A7,,GCA_903974805.1,E. coli,ST73,FALSE
R1B1A9,,GCA_903974855.1,E. coli,ST648,FALSE
R1B1B10,,GCA_903974865.1,E. coli,ST12,FALSE
R1B1B11,,GCA_903975105.1,E. coli,ST10,FALSE
R1B1B12,,GCA_903975125.1,E. coli,ST95,FALSE
R1B1B14,,GCA_903974835.1,E. coli,ST1807,FALSE
R1B1B2,,GCA_903974845.1,E. coli,ST88,FALSE
R1B1B4,,GCA_903974815.1,E. coli,ST73,FALSE
R1B1B5,,GCA_903975145.1,E. coli,ST404,FALSE
R1B1B6,,GCA_903974795.1,E. coli,STND,FALSE
R1B1B7,,GCA_903974785.1,E. coli,ST141,FALSE
R1B1B8,,GCA_903975135.1,E. coli,ST117,FALSE
R1B1B9,,GCA_903975155.1,E. coli,ST58,FALSE
R1B1C1,,GCA_903975175.1,E. coli,ST23,FALSE
R1B1C10,,GCA_903975165.1,E. coli,ST617,FALSE
R1B1C13,,GCA_903975185.1,E. coli,ST69,FALSE
R1B1C15,,GCA_903975195.1,E. coli,ST404,FALSE
R1B1C3,,GCA_903975225.1,E. coli,ST95,FALSE
R1B1C5,,GCA_903975215.1,E. coli,ST69,FALSE
R1B1C6,,GCA_903975205.1,E. coli,ST1122,FALSE
R1B1C7,,GCA_903975245.1,E. coli,ST95,FALSE
R1B1C8,,GCA_903975235.1,E. coli,ST69,FALSE
R1B1C9,,GCA_903975255.1,E. coli,ST10917,FALSE
R1B1D1,,GCA_903975265.1,E. coli,ST3729,FALSE
R1B1D10,,GCA_903975295.1,E. coli,ST117,FALSE
R1B1D11,,GCA_903975275.1,E. coli,ST69,FALSE
R1B1D12,,GCA_903975285.1,E. coli,ST550,FALSE
R1B1D14,,GCA_903975305.1,E. coli,ST155,FALSE
R1B1D4,,GCA_903975315.1,E. coli,ST127,FALSE
R1B1D6,,GCA_903975325.1,E. coli,ST130,FALSE
R1B1D7,,GCA_903975335.1,E. coli,ST73,FALSE
R1B1E11,,GCA_903975355.1,E. coli,ST69,FALSE
R1B1E12,,GCA_903975345.1,E. coli,ST69,FALSE
R1B1E13,,GCA_903975365.1,E. coli,ST429,FALSE
R1B1E14,,GCA_903975375.1,E. coli,ST104,FALSE
R1B1E15,,GCA_903975385.1,E. coli,ST95,FALSE
R1B1E2,,GCA_903975395.1,E. coli,ST373-like,FALSE
R1B1E3,,GCA_903975435.1,E. coli,ST88,FALSE
R1B1E5,,GCA_903975405.1,E. coli,ST95,FALSE
R1B1E7,,GCA_903975445.1,E. coli,ST10916,FALSE
R1B1E8,,GCA_903975425.1,E. coli,ST73,FALSE
R1B1E9,,GCA_903975415.1,E. coli,ST69,FALSE
R1B1F1,,GCA_903975455.1,E. coli,ST95,FALSE
R1B1F10,,GCA_903975475.1,E. coli,ST12,FALSE
R1B1F13,,GCA_903975495.1,E. coli,ST23,FALSE
R1B1F2,,GCA_903975485.1,E. coli,ST95,FALSE
R1B1F4,,GCA_903975465.1,E. coli,ST95,FALSE
R1B1F6,,GCA_903975525.1,E. coli,ST73,FALSE
R1B1F8,,GCA_903975505.1,E. coli,ST23,FALSE
R1B1F9,,GCA_903975515.1,E. coli,ST106,FALSE
R1B1G10,,GCA_903975535.1,E. coli,ST95,FALSE
R1B1G11,,GCA_903975545.1,E. coli,ST10,FALSE
R1B1G12,,GCA_903975555.1,E. coli,ST62,FALSE
R1B1G15,,GCA_903975565.1,E. coli,ST354,FALSE
R1B1G3,,GCA_903975575.1,E. coli,ST12,FALSE
R1B1G4,,GCA_903975585.1,E. coli,ST127,FALSE
R1B1G5,,GCA_903975595.1,E. coli,ST73,FALSE
R1B1G6,,GCA_903975605.1,E. coli,ST73,FALSE
R1B1G7,,GCA_903975615.1,E. coli,ST73,FALSE
R1B1G9,,GCA_903975635.1,E. coli,ST131,FALSE
R1B1H1,,GCA_903975625.1,E. coli,ST1604,FALSE
R1B1H10,,GCA_903975645.1,E. coli,ST127,FALSE
R1B1H11,,GCA_903975695.1,E. coli,ST95,FALSE
R1B1H12,,GCA_903975685.1,E. coli,ST131,FALSE
R1B1H13,,GCA_903975665.1,E. coli,ST73,FALSE
R1B1H15,,GCA_903975675.1,E. coli,ST70,FALSE
R1B1H2,,GCA_903975655.1,E. coli,ST131,FALSE
R1B1H6,,GCA_903975705.1,E. coli,ST95,FALSE
R1B1H7,,GCA_903975715.1,E. coli,ST59,FALSE
R1B1H8,,GCA_903975735.1,E. coli,ST95,FALSE
R1B1H9,,GCA_903975725.1,E. coli,ST144,FALSE
R1B1I10,,GCA_903975745.1,E. coli,ST69,FALSE
R1B1I12,,GCA_903975805.1,E. coli,ST95,FALSE
R1B1I14,,GCA_903975775.1,E. coli,ST95,FALSE
R1B1I15,,GCA_903975785.1,E. coli,ST550,FALSE
R1B1I3,,GCA_903975765.1,E. coli,ST162,FALSE
R1B1I5,,GCA_903975795.1,E. coli,ST3699,FALSE
R1B1I6,,GCA_903975755.1,E. coli,ST12,FALSE
R1B1I8,,GCA_903975825.1,E. coli,ST95,FALSE
R1B1I9,,GCA_903975835.1,E. coli,ST73,FALSE
R1B1J1,,GCA_903975845.1,E. coli,ST14,FALSE
R1B1J11,,GCA_903975815.1,E. coli,ST73,FALSE
R1B1J13,,GCA_903975875.1,E. coli,ST95,FALSE
R1B1J2,,GCA_903975885.1,E. coli,ST73,FALSE
R1B1J3,,GCA_903975855.1,E. coli,ST38,FALSE
R1B1J4,,GCA_903975865.1,E. coli,ST95,FALSE
R1B1J6,,GCA_903975905.1,E. coli,ST1480,FALSE
R1B1J7,,GCA_903975895.1,E. coli,ST117,FALSE
R1B2A1,,GCA_903975915.1,E. coli,ST131,FALSE
R1B2A11,,GCA_903975925.1,E. coli,ST999,FALSE
R1B2A4,,GCA_903975935.1,E. coli,ST95,FALSE
R1B2A5,,GCA_903975945.1,E. coli,ST73,FALSE
R1B2A6,,GCA_903975955.1,E. coli,ST62,FALSE
R1B2A8,,GCA_903975985.1,E. coli,ST23,FALSE
R1B2A9,,GCA_903975965.1,E. coli,ST58,FALSE
R1B2B14,,GCA_903975975.1,E. coli,ST14,FALSE
R1B2B2,,GCA_903976015.1,E. coli,ST131,FALSE
R1B2B3,,GCA_903976045.1,E. coli,ST95,FALSE
R1B2B6,,GCA_903976035.1,E. coli,ST58,FALSE
R1B2C10,,GCA_903976025.1,E. coli,ST10,FALSE
R1B2C11,,GCA_903976005.1,E. coli,ST95,FALSE
R1B2C5,,GCA_903976055.1,E. coli,ST155,FALSE
R1B2C7,,GCA_903975995.1,E. coli,ST57,FALSE
R1B2D6,,GCA_903976095.1,E. coli,ST362,FALSE
R1B2D9,,GCA_903976075.1,E. coli,ST101,FALSE
R1B2E1,,GCA_903976065.1,E. coli,ST636,FALSE
R1B2E2,,GCA_903976085.1,E. coli,ST421,FALSE
R1B2E3,,GCA_903976105.1,E. coli,ST127,FALSE
R1B2E8,,GCA_903976115.1,E. coli,ST428,FALSE
R1B2F10,,GCA_903976125.1,E. coli,ST141,FALSE
R1B2F6,,GCA_903976135.1,E. coli,ST394,FALSE
R1B2F7,,GCA_903976145.1,E. coli,ST393,FALSE
R1B2G1,,GCA_903976185.1,E. coli,ST93,FALSE
R1B2G11,,GCA_903976165.1,E. coli,ST23,FALSE
R1B2G2,,GCA_903976155.1,E. coli,ST1711,FALSE
R1B2G3,,GCA_903976175.1,E. coli,ST73,FALSE
R1B2G4,,GCA_903976195.1,E. coli,ST443,FALSE
R1B2G5,,GCA_903976215.1,E. coli,ST73,FALSE
R1B2H1,,GCA_903976225.1,E. coli,ST95,FALSE
R1B2H5,,GCA_903976205.1,E. coli,ST3381,FALSE
R1B2H6,,GCA_903976245.1,E. coli,ST443,FALSE
R1B2H7,,GCA_903976235.1,E. coli,ST648,FALSE
R1B2H8,,GCA_903976255.1,E. coli,ST69,FALSE
R1B2H9,,GCA_903976265.1,E. coli,ST1079,FALSE
R1B2I10,,GCA_903976285.1,E. coli,ST12,FALSE
R1B2I2,,GCA_903976275.1,E. coli,ST131,FALSE
R1B2I3,,GCA_903976305.1,E. coli,ST131,FALSE
R1B2J1,,GCA_903976315.1,E. coli,ST38,FALSE
R1B2J5,,GCA_903976295.1,E. coli,ST117,FALSE
R1B2J9,,GCA_903976325.1,E. coli,ST69,FALSE
R1B3A1,,GCA_903976335.1,E. coli,ST73,FALSE
R1B3A3,,GCA_903976355.1,E. coli,ST69,FALSE
R1B3A4,,GCA_903976345.1,E. coli,ST131,FALSE
R1B3A5,,GCA_903976385.1,E. coli,ST95,FALSE
R1B3A6,,GCA_903976365.1,E. coli,ST57,FALSE
R1B3B2,,GCA_903976375.1,E. coli,ST399,FALSE
R1B3B3,,GCA_903976405.1,E. coli,ST1236,FALSE
R1B3C1,,GCA_903976395.1,E. coli,ST167,FALSE
R1B3C3,,GCA_903976415.1,E. coli,ST69,FALSE
R1B3C5,,GCA_903976505.1,E. coli,ST95,FALSE
R1B3D1,,GCA_903976435.1,E. coli,ST10,FALSE
R1B3D2,,GCA_903976475.1,E. coli,ST73,FALSE
R1B3D4,,GCA_903976425.1,E. coli,ST95,FALSE
R1B3D5,,GCA_903976485.1,E. coli,ST73,FALSE
R1B3E3,,GCA_903976495.1,E. coli,ST88,FALSE
R1B3E4,,GCA_903976445.1,E. coli,ST410,FALSE
R1B3E5,,GCA_903976455.1,E. coli,ST6841,FALSE
R1B3F2,,GCA_903976465.1,E. coli,ST539,FALSE
R1B3F3,,GCA_903976515.1,E. coli,ST10,FALSE
R1B3F5,,GCA_903976535.1,E. coli,ST95,FALSE
R1B3G1,,GCA_903976525.1,E. coli,ST372,FALSE
R1B3G2,,GCA_903976545.1,E. coli,ST73,FALSE
R1B3G3,,GCA_903976555.1,E. coli,ST6468,FALSE
R1B3G5,,GCA_903976565.1,E. coli,ST95,FALSE
R1B3H3,,GCA_903976595.1,E. coli,ST393,FALSE
R1B3H4,,GCA_903976635.1,E. coli,ST144,FALSE
R1B3H5,,GCA_903976585.1,E. coli,ST48,FALSE
R1B3I1,,GCA_903976615.1,E. coli,ST1072,FALSE
R1B3I2,,GCA_903976605.1,E. coli,ST95,FALSE
R1B3I3,,GCA_903976645.1,E. coli,ST127,FALSE
R1B3I5,,GCA_903976625.1,E. coli,ST1429,FALSE
R1B3J4,,GCA_903976685.1,E. coli,ST421,FALSE
R1B4C1,,GCA_903976575.1,E. coli,ST73,FALSE
R1B4E1,,GCA_903976675.1,E. coli,ST73,FALSE
R1B4F3,,GCA_903976665.1,E. coli,ST95,FALSE
R1B4G1,,GCA_903976655.1,E. coli,ST88,FALSE
R1B5A11,,GCA_903976695.1,E. coli,ST95,FALSE
R1B5A12,,GCA_903976705.1,E. coli,ST73,FALSE
R1B5A13,,GCA_903976725.1,E. coli,ST131,FALSE
R1B5A5,,GCA_903976715.1,E. coli,ST62,FALSE
R1B5A6,,GCA_903976735.1,E. coli,ST354,FALSE
R1B5A9,,GCA_903976755.1,E. coli,ST93,FALSE
R1B5B3,,GCA_903976745.1,E. coli,ST73,FALSE
R1B5B6,,GCA_903976765.1,E. coli,ST131,FALSE
R1B5B8,,GCA_903976825.1,E. coli,ST14,FALSE
R1B5B9,,GCA_903976815.1,E. coli,ST1421,FALSE
R1B5C1,,GCA_903976835.1,E. coli,ST69,FALSE
R1B5C11,,GCA_903976785.1,E. coli,ST372,FALSE
R1B5C13,,GCA_903976795.1,E. coli,ST91,FALSE
R1B5C3,,GCA_903976775.1,E. coli,ST95,FALSE
R1B5C5,,GCA_903976805.1,E. coli,ST10921,FALSE
R1B5C6,,GCA_903976865.1,E. coli,ST73,FALSE
R1B5D10,,GCA_903976875.1,E. coli,ST69,FALSE
R1B5D2,,GCA_903976845.1,E. coli,ST95,FALSE
R1B5D4,,GCA_903976855.1,E. coli,ST95,FALSE
R1B5D5,,GCA_903976905.1,E. coli,ST73,FALSE
R1B5D8,,GCA_903976895.1,E. coli,ST95,FALSE
R1B5E11,,GCA_903976885.1,E. coli,ST131,FALSE
R1B5E13,,GCA_903976935.1,E. coli,ST101,FALSE
R1B5E3,,GCA_903976925.1,E. coli,ST449,FALSE
R1B5E7,,GCA_903976915.1,E. coli,ST10922,FALSE
R1B5F10,,GCA_903976945.1,E. coli,ST10,FALSE
R1B5F11,,GCA_903976955.1,E. coli,ST10915,FALSE
R1B5F12,,GCA_903976965.1,E. coli,ST1652,FALSE
R1B5F2,,GCA_903976975.1,E. coli,ST73,FALSE
R1B5F3,,GCA_903976985.1,E. coli,ST141,FALSE
R1B5F5,,GCA_903976995.1,E. coli,ST90,FALSE
R1B5F8,,GCA_903977005.1,E. coli,ST73,FALSE
R1B5F9,,GCA_903977055.1,E. coli,ST10,FALSE
R1B5G13,,GCA_903977035.1,E. coli,ST23,FALSE
R1B5G3,,GCA_903977075.1,E. coli,ST69,FALSE
R1B5G6,,GCA_903977045.1,E. coli,ST23,FALSE
R1B5G7,,GCA_903977065.1,E. coli,ST131,FALSE
R1B5G9,,GCA_903977025.1,E. coli,ST12,FALSE
R1B5H2,,GCA_903977015.1,E. coli,ST14,FALSE
R1B5H8,,GCA_903977085.1,E. coli,ST95,FALSE
R1B5H9,,GCA_903977095.1,E. coli,ST38,FALSE
R1B5I1,,GCA_903977105.1,E. coli,ST393,FALSE
R1B5I3,,GCA_903977115.1,E. coli,ST336,FALSE
R1B5I4,,GCA_903977135.1,E. coli,ST131,FALSE
R1B5I5,,GCA_903977125.1,E. coli,ST127,FALSE
R1B5I6,,GCA_903977185.1,E. coli,ST73,FALSE
R1B5J10,,GCA_903977195.1,E. coli,ST206,FALSE
R1B5J11,,GCA_903977165.1,E. coli,ST88,FALSE
R1B5J2,,GCA_903977205.1,E. coli,ST155,FALSE
R1B5J3,,GCA_903977155.1,E. coli,ST14,FALSE
R1B5J7,,GCA_903977215.1,E. coli,ST12,FALSE
R1B6A1,,GCA_903977175.1,E. coli,ST1508,FALSE
R1B6A11,,GCA_903977145.1,E. coli,ST10,FALSE
R1B6A15,,GCA_903977265.1,E. coli,ST14,FALSE
R1B6A19,,GCA_903977305.1,E. coli,ST12,FALSE
R1B6A2,,GCA_903977315.1,E. coli,ST73,FALSE
R1B6A3,,GCA_903977255.1,E. coli,ST73,FALSE
R1B6A6,,GCA_903977285.1,E. coli,ST10920,FALSE
R1B6A7,,GCA_903977245.1,E. coli,ST607,FALSE
R1B6A8,,GCA_903977235.1,E. coli,ST127,FALSE
R1B6A9,,GCA_903977295.1,E. coli,ST1720,FALSE
R1B6B1,,GCA_903977225.1,E. coli,ST14,FALSE
R1B6B10,,GCA_903977275.1,E. coli,ST62,FALSE
R1B6B11,,GCA_903977325.1,E. coli,ST23,FALSE
R1B6B12,,GCA_903977335.1,E. coli,ST73,FALSE
R1B6B13,,GCA_903977345.1,E. coli,ST69,FALSE
R1B6B14,,GCA_903977355.1,E. coli,ST129,FALSE
R1B6B16,,GCA_903977375.1,E. coli,ST10,FALSE
R1B6B2,,GCA_903977365.1,E. coli,ST10,FALSE
R1B6B3,,GCA_903977385.1,E. coli,ST106,FALSE
R1B6B4,,GCA_903977395.1,E. coli,ST12,FALSE
R1B6B5,,GCA_903977435.1,E. coli,ST131,FALSE
R1B6B6,,GCA_903977485.1,E. coli,ST95,FALSE
R1B6B7,,GCA_903977495.1,E. coli,ST12,FALSE
R1B6C14,,GCA_903977515.1,E. coli,ST14,FALSE
R1B6C15,,GCA_903977415.1,E. coli,ST421,FALSE
R1B6C17,,GCA_903977465.1,E. coli,ST906,FALSE
R1B6C18,,GCA_903977445.1,E. coli,ST88,FALSE
R1B6C19,,GCA_903977405.1,E. coli,ST421,FALSE
R1B6C2,,GCA_903977505.1,E. coli,ST48,FALSE
R1B6C3,,GCA_903977425.1,E. coli,ST73,FALSE
R1B6C8,,GCA_903977475.1,E. coli,ST73,FALSE
R1B6C9,,GCA_903977455.1,E. coli,ST73,FALSE
R1B6D1,,GCA_903977525.1,E. coli,ST10,FALSE
R1B6D10,,GCA_903977555.1,E. coli,ST10,FALSE
R1B6D11,,GCA_903977545.1,E. coli,ST73,FALSE
R1B6D12,,GCA_903977535.1,E. coli,ST88,FALSE
R1B6D13,,GCA_903977565.1,E. coli,ST355,FALSE
R1B6D16,,GCA_903977575.1,E. coli,ST95,FALSE
R1B6D5,,GCA_903977595.1,E. coli,ST453,FALSE
R1B6D6,,GCA_903977585.1,E. coli,ST14,FALSE
R1B6E1,,GCA_903977605.1,E. coli,ST10918,FALSE
R1B6E14,,GCA_903977625.1,E. coli,ST6106,FALSE
R1B6E15,,GCA_903977615.1,E. coli,ST69,FALSE
R1B6E17,,GCA_903977635.1,E. coli,ST10,FALSE
R1B6E19,,GCA_903977685.1,E. coli,ST131,FALSE
R1B6E2,,GCA_903977645.1,E. coli,ST12,FALSE
R1B6E3,,GCA_903977665.1,E. coli,ST73,FALSE
R1B6E6,,GCA_903977675.1,E. coli,ST10,FALSE
R1B6E7,,GCA_903977655.1,E. coli,ST141,FALSE
R1B6E8,,GCA_903977705.1,E. coli,ST73,FALSE
R1B6E9,,GCA_903977735.1,E. coli,ST69,FALSE
R1B6F10,,GCA_903977745.1,E. coli,ST69,FALSE
R1B6F11,,GCA_903977725.1,E. coli,ST1263,FALSE
R1B6F12,,GCA_903977755.1,E. coli,ST1800,FALSE
R1B6F13,,GCA_903977695.1,E. coli,ST23,FALSE
R1B6F14,,GCA_903977715.1,E. coli,ST69,FALSE
R1B6F16,,GCA_903977775.1,E. coli,ST12,FALSE
R1B6F18,,GCA_903977765.1,E. coli,ST130,FALSE
R1B6F19,,GCA_903977795.1,E. coli,ST95,FALSE
R1B6F4,,GCA_903977835.1,E. coli,ST783,FALSE
R1B6F5,,GCA_903977845.1,E. coli,ST95,FALSE
R1B6F7,,GCA_903977805.1,E. coli,ST10,FALSE
R1B6G11,,GCA_903977815.1,E. coli,ST453,FALSE
R1B6G14,,GCA_903977825.1,E. coli,ST7394,FALSE
R1B6G16,,GCA_903977785.1,E. coli,ST1126,FALSE
R1B6G2,,GCA_903977855.1,E. coli,ST95,FALSE
R1B6G3,,GCA_903977865.1,E. coli,ST390,FALSE
R1B6G4,,GCA_903977875.1,E. coli,ST1335,FALSE
R1B6G6,,CAJDIS010000000,E. coli,ST73,FALSE
R1B6G7,,GCA_903977935.1,E. coli,ST10,FALSE
R1B6G8,,GCA_903977905.1,E. coli,ST73,FALSE
R1B6G9,,GCA_903977895.1,E. coli,ST62,FALSE
R1B6H1,,GCA_903977925.1,E. coli,ST62,FALSE
R1B6H12,,GCA_903977915.1,E. coli,ST73,FALSE
R1B6H13,,GCA_903977955.1,E. coli,ST95,FALSE
R1B6H15,,GCA_903977945.1,E. coli,ST10919,FALSE
R1B6H16,,GCA_903977975.1,E. coli,ST69,FALSE
R1B6H18,,GCA_903977965.1,E. coli,ST617,FALSE
R1B6H19,,GCA_903978015.1,E. coli,ST12,FALSE
R1B6H7,,GCA_903978005.1,E. coli,ST106,FALSE
R1B6H8,,GCA_903977985.1,E. coli,ST73,FALSE
R1B6I1,,GCA_903977995.1,E. coli,ST88,FALSE
R1B6I11,,GCA_903978035.1,E. coli,ST58,FALSE
R1B6I14,,GCA_903978025.1,E. coli,ST69,FALSE
R1B6I15,,GCA_903978055.1,E. coli,ST58,FALSE
R1B6I2,,GCA_903978065.1,E. coli,ST69,FALSE
R1B6I3,,GCA_903978075.1,E. coli,ST95,FALSE
R1B6I5,,GCA_903978045.1,E. coli,ST10,FALSE
R1B6I6,,GCA_903978085.1,E. coli,ST69,FALSE
R1B6J10,,GCA_903978095.1,E. coli,ST10911,FALSE
R1B6J11,,GCA_903978115.1,E. coli,ST68,FALSE
R1B6J12,,GCA_903978105.1,E. coli,ST131,FALSE
R1B6J13,,GCA_903978155.1,E. coli,ST73,FALSE
R1B6J15,,GCA_903978125.1,E. coli,ST12,FALSE
R1B6J16,,GCA_903978135.1,E. coli,ST550,FALSE
R1B6J4,,GCA_903978145.1,E. coli,ST88,FALSE
R1B6J8,,GCA_903978165.1,E. coli,ST12,FALSE
R1B6J9,,GCA_903978175.1,E. coli,ST73,FALSE